fecha,descripcion,importe,saldo
2026-01-05,TRANSFERENCIA RECIBIDA FIGUEROA A MARTA CUOTA UNICA,100000.0,1100000.0
2026-01-15,CR INMEDIATO ALDO B CBU 898190,486089.13,1586089.13
2026-01-20,TRANSF RECIBIDA COMERCIAL DEL SUR SA LOTE 55,100000.0,1686089.13
2026-01-10,ACRED POSNET LOPEZ GUSTAVO LOTE 100,45000.0,1731089.13
2026-01-11,ACRED POSNET LOPEZ GUSTAVO LOTE 101,45000.0,1776089.13
2026-01-18,DEB AUTOMATICO NOTA CREDITO COMERCIAL DEL SUR SA,-5000.0,1771089.13
2026-01-31,IMPUESTO LEY 25413 DEBITOS Y CREDITOS,-1250.32,1769838.81
2026-01-31,COMISION MANTENIMIENTO DE CUENTA,-890.0,1768948.81
2026-01-22,TRANSFERENCIA RECIBIDA CVU 72972213008639,15000.0,1783948.81
